OID,file,path,latitude,longitude,timestamp,scanArea,pitch,roll,x,y,area,amaj,amin,dist,conf,class,UTMNO,UTMLE
1,G0010981.JPG,C:\Users\RobindeVriesTheOcean\Dropbox (The Ocean Cleanup)\Ocean Research\Robin\GoPro NN\data\NPM3\Originals_Portside\G0010981.JPG,31.694032199972224,-138.81111079997223,2019-11-26 16:17:33,132385.34317076916,68.69346390266885,2.001079618830059,707467.5440599137,3508625.73489826,0.5949438452876077,1.080355483788096,0.7140610477568793,22.63271033243997,0.6801758,0.0,7,R
2,G0010982.JPG,C:\Users\RobindeVriesTheOcean\Dropbox (The Ocean Cleanup)\Ocean Research\Robin\GoPro NN\data\NPM3\Originals_Portside\G0010982.JPG,31.6939552,-138.81118299997223,2019-11-26 16:17:35,173816.62972001458,68.54031766479932,1.0005401387193622,707451.4088704131,3508617.5352971056,0.4861093640020651,0.7429922660047811,0.6620658760500368,21.312796894008,0.6582031,0.0,7,R
3,G0012410.JPG,C:\Users\RobindeVriesTheOcean\Dropbox (The Ocean Cleanup)\Ocean Research\Robin\GoPro NN\data\NPM3\Originals_Portside\G0012410.JPG,33.71089419997222,-140.99867079999999,2019-12-03 19:22:34,129579.08044920082,70.24065702186576,-2.001079618830066,500134.3979300215,3730125.9384589894,0.047343933234785626,0.3455828377122856,0.16124616487030324,27.12087226239831,0.21203613,0.0,7,S
4,G0013059.JPG,C:\Users\RobindeVriesTheOcean\Dropbox (The Ocean Cleanup)\Ocean Research\Robin\GoPro NN\data\NPM3\Originals_Portside\G0013059.JPG,33.777864799999996,-140.8363667,2019-12-03 20:18:23,172831.06621752118,68.83065191026004,1.0005401387193622,515137.49122675165,3737575.9525420154,0.24715074998733785,0.7776287259790424,0.36256988862553025,39.57966508298008,0.11834717,0.0,7,S
5,G0013059.JPG,C:\Users\RobindeVriesTheOcean\Dropbox (The Ocean Cleanup)\Ocean Research\Robin\GoPro NN\data\NPM3\Originals_Portside\G0013059.JPG,33.777864799999996,-140.8363667,2019-12-03 20:18:23,172831.06621752118,68.83065191026004,1.0005401387193622,515148.05180644826,3737600.7861550655,0.6633746686449145,1.4757897547610361,0.4570288297493525,62.29051009959563,0.2836914,0.0,7,S
6,G0013139.JPG,C:\Users\RobindeVriesTheOcean\Dropbox (The Ocean Cleanup)\Ocean Research\Robin\GoPro NN\data\NPM3\Originals_Portside\G0013139.JPG,33.786207999999995,-140.8165317,2019-12-03 20:25:19,275846.3661728106,69.85410716952933,-3.5102500326544e-15,516997.85620994476,3738526.327595549,4.80632774229975,3.248259226379663,1.663423776913828,60.967957459704834,0.13989258,0.0,7,S
7,G0013139.JPG,C:\Users\RobindeVriesTheOcean\Dropbox (The Ocean Cleanup)\Ocean Research\Robin\GoPro NN\data\NPM3\Originals_Portside\G0013139.JPG,33.786207999999995,-140.8165317,2019-12-03 20:25:19,275846.3661728106,69.85410716952933,-3.5102500326544e-15,516968.0792210722,3738516.104716954,11.436796521984258,5.09062151417466,2.7464261212766155,52.31918510942913,0.21240234,0.0,7,S
8,G0013185.JPG,C:\Users\RobindeVriesTheOcean\Dropbox (The Ocean Cleanup)\Ocean Research\Robin\GoPro NN\data\NPM3\Originals_Portside\G0013185.JPG,33.79100449997222,-140.8051919,2019-12-03 20:29:15,168917.9900822375,70.2286344756369,-1.000540138719369,518032.8517974727,3739028.710206786,0.7366140332443734,1.0461810100547613,0.7381319860756281,28.319849555831816,0.111328125,0.0,7,S
9,G0013185.JPG,C:\Users\RobindeVriesTheOcean\Dropbox (The Ocean Cleanup)\Ocean Research\Robin\GoPro NN\data\NPM3\Originals_Portside\G0013185.JPG,33.79100449997222,-140.8051919,2019-12-03 20:29:15,168917.9900822375,70.2286344756369,-1.000540138719369,518076.50936393696,3739093.9402742893,4.972176406338548,5.249582151288265,1.0318099687169864,102.70805959203719,0.3527832,0.0,7,S
10,G0013287.JPG,C:\Users\RobindeVriesTheOcean\Dropbox (The Ocean Cleanup)\Ocean Research\Robin\GoPro NN\data\NPM3\Originals_Portside\G0013287.JPG,33.801523199972216,-140.780344,2019-12-03 20:38:01,131132.8425381724,69.20335564428757,2.001079618830059,520322.176094227,3740205.482227452,3.166255261678134,2.835475734617755,1.237144778440139,35.518956271678306,0.171875,0.0,7,S
11,G0013287.JPG,C:\Users\RobindeVriesTheOcean\Dropbox (The Ocean Cleanup)\Ocean Research\Robin\GoPro NN\data\NPM3\Originals_Portside\G0013287.JPG,33.801523199972216,-140.780344,2019-12-03 20:38:01,131132.8425381724,69.20335564428757,2.001079618830059,520315.86015320994,3740194.7789796297,0.8010311795764754,1.685808955599067,0.5772040071486656,28.395183386324927,0.2388916,0.0,7,S
12,G0013287.JPG,C:\Users\RobindeVriesTheOcean\Dropbox (The Ocean Cleanup)\Ocean Research\Robin\GoPro NN\data\NPM3\Originals_Portside\G0013287.JPG,33.801523199972216,-140.780344,2019-12-03 20:38:01,131132.8425381724,69.20335564428757,2.001079618830059,520353.31576097244,3740240.996741798,29.038577681324732,8.508820789530116,4.469015662917444,72.93280145106678,0.3083496,0.0,7,S
13,G0013289.JPG,C:\Users\RobindeVriesTheOcean\Dropbox (The Ocean Cleanup)\Ocean Research\Robin\GoPro NN\data\NPM3\Originals_Portside\G0013289.JPG,33.80173589997222,-140.77985649997223,2019-12-03 20:38:11,131132.8425381724,69.20335564428757,2.001079618830059,520372.38860992214,3740237.4781025667,0.4059626345533773,0.8952927466618125,0.46020121131226543,42.73742900689078,0.48242188,0.0,7,S
14,G0013407.JPG,C:\Users\RobindeVriesTheOcean\Dropbox (The Ocean Cleanup)\Ocean Research\Robin\GoPro NN\data\NPM3\Originals_Portside\G0013407.JPG,33.81349259997222,-140.7514355,2019-12-03 20:48:16,128919.97886178375,70.53750609481948,-2.001079618830066,522986.10103324626,3741531.2515961966,0.34195874507048984,1.1490530930005514,0.37462424254953974,32.45715135571345,0.14257812,0.0,7,S
15,G0013407.JPG,C:\Users\RobindeVriesTheOcean\Dropbox (The Ocean Cleanup)\Ocean Research\Robin\GoPro NN\data\NPM3\Originals_Portside\G0013407.JPG,33.81349259997222,-140.7514355,2019-12-03 20:48:16,128919.97886178375,70.53750609481948,-2.001079618830066,523000.71218246745,3741549.138013185,0.5484899374922412,1.2197386595882693,0.4829607347291354,44.805930501160155,0.4165039,0.0,7,S
16,G0013449.JPG,C:\Users\RobindeVriesTheOcean\Dropbox (The Ocean Cleanup)\Ocean Research\Robin\GoPro NN\data\NPM3\Originals_Portside\G0013449.JPG,33.81757989997222,-140.7412990999722,2019-12-03 20:51:52,169827.1387476965,69.93293096777982,-1.000540138719369,523928.04860212986,3742027.636566052,1.5066715658006373,2.372744074245991,0.6927328058041724,68.96979053632587,0.5644531,0.0,7,S
17,G0013465.JPG,C:\Users\RobindeVriesTheOcean\Dropbox (The Ocean Cleanup)\Ocean Research\Robin\GoPro NN\data\NPM3\Originals_Portside\G0013465.JPG,33.8190699,-140.73744879999998,2019-12-03 20:53:14,169513.3190638166,69.85577454972746,1.0005401387193622,524317.1407237649,3742196.8726923387,1.6918918505467664,2.5858094572903236,0.7298782397325415,73.50033355554645,0.49560547,0.0,7,S
18,G0013467.JPG,C:\Users\RobindeVriesTheOcean\Dropbox (The Ocean Cleanup)\Ocean Research\Robin\GoPro NN\data\NPM3\Originals_Portside\G0013467.JPG,33.81925489997222,-140.7369601999722,2019-12-03 20:53:25,167708.58392197787,70.44770610902059,1.0005401387193622,524360.6284145229,3742177.5804356793,1.1564528007008512,2.0110217363046097,0.7155978945786248,35.78853937936562,0.12695312,0.0,7,S
19,G0013467.JPG,C:\Users\RobindeVriesTheOcean\Dropbox (The Ocean Cleanup)\Ocean Research\Robin\GoPro NN\data\NPM3\Originals_Portside\G0013467.JPG,33.81925489997222,-140.7369601999722,2019-12-03 20:53:25,167708.58392197787,70.44770610902059,1.0005401387193622,524316.6577268462,3742223.0453500473,2.586005995685777,3.2491223748763853,0.8623539685852377,80.59220474949723,0.14013672,0.0,7,S
20,G0013467.JPG,C:\Users\RobindeVriesTheOcean\Dropbox (The Ocean Cleanup)\Ocean Research\Robin\GoPro NN\data\NPM3\Originals_Portside\G0013467.JPG,33.81925489997222,-140.7369601999722,2019-12-03 20:53:25,167708.58392197787,70.44770610902059,1.0005401387193622,524344.300388938,3742186.4653607327,0.5726850001648279,0.9794710307559936,0.616319325105545,39.79146167269836,0.73779297,0.0,7,S
21,G0013471.JPG,C:\Users\RobindeVriesTheOcean\Dropbox (The Ocean Cleanup)\Ocean Research\Robin\GoPro NN\data\NPM3\Originals_Portside\G0013471.JPG,33.81962999997223,-140.7359673999722,2019-12-03 20:53:45,276601.5502177403,69.70682022891623,-3.5102500326544e-15,524399.8785985034,3742370.234156847,33.461790991666064,15.094102897628645,2.366586747656373,184.92480624913478,0.20544434,0.0,7,S
22,G0013491.JPG,C:\Users\RobindeVriesTheOcean\Dropbox (The Ocean Cleanup)\Ocean Research\Robin\GoPro NN\data\NPM3\Originals_Portside\G0013491.JPG,33.82167729997222,-140.73100709997223,2019-12-03 20:55:28,275471.31164442434,69.92785508432992,-3.5102500326544e-15,524865.8814902331,3742473.161998921,0.6977104148152556,1.66640023411725,0.4816922293290536,62.502168443359984,0.21252441,0.0,7,S
23,G0013511.JPG,C:\Users\RobindeVriesTheOcean\Dropbox (The Ocean Cleanup)\Ocean Research\Robin\GoPro NN\data\NPM3\Originals_Portside\G0013511.JPG,33.82372629997223,-140.7261516,2019-12-03 20:57:11,279298.1789568853,69.19352423476099,-3.5102500326544e-15,525328.9483923265,3742674.7981561692,1.2935744640548468,2.038130286632182,0.7378183834212343,32.2354584900196,0.17785645,0.0,7,S
24,G0013511.JPG,C:\Users\RobindeVriesTheOcean\Dropbox (The Ocean Cleanup)\Ocean Research\Robin\GoPro NN\data\NPM3\Originals_Portside\G0013511.JPG,33.82372629997223,-140.7261516,2019-12-03 20:57:11,279298.1789568853,69.19352423476099,-3.5102500326544e-15,525360.3984882956,3742704.8411115883,2.6976539351465765,2.751971059185749,1.123947296559151,62.68036367475629,0.2409668,0.0,7,S
25,G0013511.JPG,C:\Users\RobindeVriesTheOcean\Dropbox (The Ocean Cleanup)\Ocean Research\Robin\GoPro NN\data\NPM3\Originals_Portside\G0013511.JPG,33.82372629997223,-140.7261516,2019-12-03 20:57:11,279298.1789568853,69.19352423476099,-3.5102500326544e-15,525344.5897883321,3742705.2667501927,0.9557487795773725,1.658623482264093,0.5921678583752645,60.257964620822875,0.38720703,0.0,7,S
26,G0013512.JPG,C:\Users\RobindeVriesTheOcean\Dropbox (The Ocean Cleanup)\Ocean Research\Robin\GoPro NN\data\NPM3\Originals_Portside\G0013512.JPG,33.8237305,-140.72614409997223,2019-12-03 20:57:11,279298.17895688524,69.19352423476099,-3.5102500326544e-15,525329.6411950635,3742675.2656821413,1.2935744640548468,2.0381302865590336,0.7378183830538952,32.235458490403566,0.17785645,0.0,7,S
27,G0013512.JPG,C:\Users\RobindeVriesTheOcean\Dropbox (The Ocean Cleanup)\Ocean Research\Robin\GoPro NN\data\NPM3\Originals_Portside\G0013512.JPG,33.8237305,-140.72614409997223,2019-12-03 20:57:11,279298.17895688524,69.19352423476099,-3.5102500326544e-15,525361.0912910326,3742705.30863756,2.6976539351465765,2.7519710592166504,1.123947296559151,62.680363674791465,0.2409668,0.0,7,S
28,G0013512.JPG,C:\Users\RobindeVriesTheOcean\Dropbox (The Ocean Cleanup)\Ocean Research\Robin\GoPro NN\data\NPM3\Originals_Portside\G0013512.JPG,33.8237305,-140.72614409997223,2019-12-03 20:57:11,279298.17895688524,69.19352423476099,-3.5102500326544e-15,525345.2825910691,3742705.7342761643,0.9557487795773725,1.6586234817939325,0.592167858355607,60.25796462082892,0.38720703,0.0,7,S
29,G0013559.JPG,C:\Users\RobindeVriesTheOcean\Dropbox (The Ocean Cleanup)\Ocean Research\Robin\GoPro NN\data\NPM3\Originals_Portside\G0013559.JPG,33.8285501,-140.71444109997222,2019-12-03 21:01:19,171933.39987172475,69.27167340739462,-1.000540138719369,526378.9653895722,3743267.618998423,5.41065710524996,6.046827567524891,1.01408578356903,95.80248094723314,0.2130127,0.0,7,S
30,G0013559.JPG,C:\Users\RobindeVriesTheOcean\Dropbox (The Ocean Cleanup)\Ocean Research\Robin\GoPro NN\data\NPM3\Originals_Portside\G0013559.JPG,33.8285501,-140.71444109997222,2019-12-03 21:01:19,171933.39987172475,69.27167340739462,-1.000540138719369,526413.1006308334,3743216.433428868,37.07299103648567,8.813221249972184,5.333019938393352,35.17677154832086,0.26464844,0.0,7,S
31,G0014590.JPG,C:\Users\RobindeVriesTheOcean\Dropbox (The Ocean Cleanup)\Ocean Research\Robin\GoPro NN\data\NPM3\Originals_Portside\G0014590.JPG,33.89580279997222,-140.542832,2019-12-03 22:29:37,128577.0921239478,70.30760469664706,2.001079618830059,542287.4263912427,3750728.2111086664,0.8559925918623423,1.5280982560791487,0.7674783775563866,35.73475743526068,0.10412598,0.0,7,S
32,G0014590.JPG,C:\Users\RobindeVriesTheOcean\Dropbox (The Ocean Cleanup)\Ocean Research\Robin\GoPro NN\data\NPM3\Originals_Portside\G0014590.JPG,33.89580279997222,-140.542832,2019-12-03 22:29:37,128577.0921239478,70.30760469664706,2.001079618830059,542287.4135060619,3750739.2696348946,0.45659681557197895,1.2000447797748193,0.46117859847361364,45.72017582027388,0.23144531,0.0,7,S
33,G0014590.JPG,C:\Users\RobindeVriesTheOcean\Dropbox (The Ocean Cleanup)\Ocean Research\Robin\GoPro NN\data\NPM3\Originals_Portside\G0014590.JPG,33.89580279997222,-140.542832,2019-12-03 22:29:37,128577.0921239478,70.30760469664706,2.001079618830059,542284.1448728184,3750721.287291972,0.2818440383043083,0.8602870306699579,0.4419077389798366,28.09193214066991,0.6689453,0.0,7,S
34,G0014591.JPG,C:\Users\RobindeVriesTheOcean\Dropbox (The Ocean Cleanup)\Ocean Research\Robin\GoPro NN\data\NPM3\Originals_Portside\G0014591.JPG,33.8958238,-140.54272199997223,2019-12-03 22:29:47,273987.96682123863,70.22353961734326,-3.5102500326544e-15,542284.3382991274,3750750.4560576226,0.583933970944625,1.3493543596255086,0.44754432367521413,51.29794964041853,0.14013672,0.0,7,S
35,G0014632.JPG,C:\Users\RobindeVriesTheOcean\Dropbox (The Ocean Cleanup)\Ocean Research\Robin\GoPro NN\data\NPM3\Originals_Portside\G0014632.JPG,42.30460949997222,-130.09445819997222,2019-12-07 19:18:33,99320.85166216204,67.8785173918576,-4.002153973619844,409805.34641448595,4684197.595905522,0.13051317304461119,0.5385712152937728,0.3145637312101601,23.78617494359298,0.37939453,0.0,9,T
36,G0014655.JPG,C:\Users\RobindeVriesTheOcean\Dropbox (The Ocean Cleanup)\Ocean Research\Robin\GoPro NN\data\NPM3\Originals_Portside\G0014655.JPG,33.896575099972225,-140.538394,2019-12-03 22:35:16,168693.2827469535,70.30273279969862,-1.000540138719369,542697.8718464625,3750813.1181621086,0.6720271619722391,1.3317324379146565,0.6654391242671027,33.77240881656763,0.48242188,0.0,7,S
37,G0014965.JPG,C:\Users\RobindeVriesTheOcean\Dropbox (The Ocean Cleanup)\Ocean Research\Robin\GoPro NN\data\NPM3\Originals_Portside\G0014965.JPG,31.7874304,-143.9301073999722,2019-12-02 18:32:48,125737.92827427108,71.65304373704143,2.001079618830059,222565.89897447798,3520657.562853665,0.9828536256411371,1.9129861862629278,0.624034256792253,48.78751761725294,0.35595703,0.0,7,R
38,G0014967.JPG,C:\Users\RobindeVriesTheOcean\Dropbox (The Ocean Cleanup)\Ocean Research\Robin\GoPro NN\data\NPM3\Originals_Portside\G0014967.JPG,31.7874492,-143.92997339997223,2019-12-02 18:32:58,164295.20987320074,71.64461421141701,1.0005401387193622,222569.54218228633,3520655.736423505,2.6987996661904923,3.146175458197049,0.9680074855141669,42.1717351355898,0.14575195,0.0,7,R
39,G0014971.JPG,C:\Users\RobindeVriesTheOcean\Dropbox (The Ocean Cleanup)\Ocean Research\Robin\GoPro NN\data\NPM3\Originals_Portside\G0014971.JPG,31.787474299972224,-143.9297104,2019-12-02 18:33:19,272531.5308988099,70.52032554895551,-3.5102500326544e-15,222594.7848862395,3520637.912582012,0.20575426800305038,0.7120159276426312,0.3831860052506206,23.86012031432913,0.34228516,0.0,7,R
40,G0015005.JPG,C:\Users\RobindeVriesTheOcean\Dropbox (The Ocean Cleanup)\Ocean Research\Robin\GoPro NN\data\NPM3\Originals_Portside\G0015005.JPG,42.409088799972224,-129.97546099997223,2019-11-23 17:38:58,261527.85209144538,73.00947757575649,-3.5102500326544e-15,419719.6714067748,4695682.112883254,0.31689357815373626,0.9513322768307568,0.4355167789718207,26.78613349655985,0.30493164,0.0,9,T
41,G0015446.JPG,C:\Users\RobindeVriesTheOcean\Dropbox (The Ocean Cleanup)\Ocean Research\Robin\GoPro NN\data\NPM3\Originals_Portside\G0015446.JPG,42.36562839997222,-130.0571854,2019-12-07 19:45:41,131630.7984670401,69.35675275331943,-2.001079618830066,412946.7191744378,4690954.820035077,0.2774511756497822,0.8030208317170249,0.36739075760595125,40.843319615501464,0.30273438,0.0,9,T
42,G0015447.JPG,C:\Users\RobindeVriesTheOcean\Dropbox (The Ocean Cleanup)\Ocean Research\Robin\GoPro NN\data\NPM3\Originals_Portside\G0015447.JPG,42.3657078,-130.0571432,2019-12-07 19:45:43,278519.2019371573,69.33982807477956,-3.5102500326544e-15,412931.85948256036,4690965.597874144,1.6794520876692305,2.4925063159562355,0.7892774857311454,47.52043918022975,0.3864746,0.0,9,T
43,G0015447.JPG,C:\Users\RobindeVriesTheOcean\Dropbox (The Ocean Cleanup)\Ocean Research\Robin\GoPro NN\data\NPM3\Originals_Portside\G0015447.JPG,42.3657078,-130.0571432,2019-12-07 19:45:43,278519.2019371573,69.33982807477956,-3.5102500326544e-15,412941.25876687706,4690960.275023077,0.2577322471726661,0.7996331263206408,0.36687919373395506,39.12427507033461,0.4411621,0.0,9,T
44,G0017112.JPG,C:\Users\RobindeVriesTheOcean\Dropbox (The Ocean Cleanup)\Ocean Research\Robin\GoPro NN\data\NPM3\Originals_Portside\G0017112.JPG,35.67903479997222,-138.08749789997222,2019-12-04 17:14:34,171695.2037632638,69.3448655281763,-1.000540138719369,763608.3222682502,3952281.246582543,0.9596353048555425,1.8148063274396011,0.6593314263855553,26.89165094559689,0.22021484,0.0,7,S
45,G0017113.JPG,C:\Users\RobindeVriesTheOcean\Dropbox (The Ocean Cleanup)\Ocean Research\Robin\GoPro NN\data\NPM3\Originals_Portside\G0017113.JPG,35.679121099999996,-138.08742459997222,2019-12-04 17:14:36,129913.2669792906,70.09264469439616,-2.001079618830066,763604.0718506557,3952292.419080246,1.3499334687953186,1.542446859387975,0.9598360614414507,23.978105577708817,0.14343262,0.0,7,S
46,G0017114.JPG,C:\Users\RobindeVriesTheOcean\Dropbox (The Ocean Cleanup)\Ocean Research\Robin\GoPro NN\data\NPM3\Originals_Portside\G0017114.JPG,35.67920339997222,-138.0873555,2019-12-04 17:14:38,168246.95605901195,70.45113532332941,-1.000540138719369,763598.9634252009,3952301.4136605547,0.8700984257673007,1.367256805984399,0.735891526393516,24.054701591382944,0.37402344,0.0,7,S
47,G0017187.JPG,C:\Users\RobindeVriesTheOcean\Dropbox (The Ocean Cleanup)\Ocean Research\Robin\GoPro NN\data\NPM3\Originals_Portside\G0017187.JPG,42.5780844,-129.92059329999998,2019-12-07 21:42:17,167366.6236252044,70.74875953593877,-1.000540138719369,424461.28630956396,4714417.263594658,3.2129325494285705,2.28168738457428,1.5746756349192308,44.0065614752259,0.5493164,0.0,9,T
48,G0017188.JPG,C:\Users\RobindeVriesTheOcean\Dropbox (The Ocean Cleanup)\Ocean Research\Robin\GoPro NN\data\NPM3\Originals_Portside\G0017188.JPG,42.5781524,-129.92053909999998,2019-12-07 21:42:27,128595.0519067057,70.68634037352196,-2.001079618830066,424455.65304013377,4714427.839154949,3.130845712567989,2.5488349100427086,1.319682569125291,46.1710583972065,0.30004883,0.0,9,T
49,G0017190.JPG,C:\Users\RobindeVriesTheOcean\Dropbox (The Ocean Cleanup)\Ocean Research\Robin\GoPro NN\data\NPM3\Originals_Portside\G0017190.JPG,42.578231899972224,-129.92048119999998,2019-12-07 21:42:38,94885.42990249845,70.8066089968384,-4.002153973619844,424449.9831871653,4714439.674765878,2.6671935601276853,3.2268383923521204,0.9557472979435176,50.58907088862708,0.3972168,0.0,9,T
50,G0017192.JPG,C:\Users\RobindeVriesTheOcean\Dropbox (The Ocean Cleanup)\Ocean Research\Robin\GoPro NN\data\NPM3\Originals_Portside\G0017192.JPG,42.5783064,-129.92042229999998,2019-12-07 21:42:48,108625.69106863352,69.66923593357279,-3.0016177825284385,424467.86050599616,4714449.401360039,3.4643012022101347,3.3979130446149277,1.0853478873860927,50.736937326406284,0.20593262,0.0,9,T
51,G0017407.JPG,C:\Users\RobindeVriesTheOcean\Dropbox (The Ocean Cleanup)\Ocean Research\Robin\GoPro NN\data\NPM3\Originals_Portside\G0017407.JPG,32.190863999972215,-143.73244059997222,2019-12-02 22:02:12,273621.3397107547,70.29763322360476,-3.5102500326544e-15,242415.01926173797,3564889.9603137383,0.32373737716930573,1.0161038355137983,0.398219101372013,28.550866087006284,0.24914551,0.0,7,S
52,G0017407.JPG,C:\Users\RobindeVriesTheOcean\Dropbox (The Ocean Cleanup)\Ocean Research\Robin\GoPro NN\data\NPM3\Originals_Portside\G0017407.JPG,32.190863999972215,-143.73244059997222,2019-12-02 22:02:12,273621.3397107547,70.29763322360476,-3.5102500326544e-15,242415.7795069029,3564888.905498648,0.31280290872843175,0.9653748519796556,0.428136520225993,28.083287768373587,0.46362305,0.0,7,S
53,G0018130.JPG,C:\Users\RobindeVriesTheOcean\Dropbox (The Ocean Cleanup)\Ocean Research\Robin\GoPro NN\data\NPM3\Originals_Portside\G0018130.JPG,42.146563,-130.11208279997223,2019-11-23 19:23:08,125587.40293997483,71.7284237894701,2.001079618830059,408100.2977391195,4666676.394172738,0.1500456393307494,0.5719809163222843,0.3052129097206408,30.728491926164875,0.61279297,0.0,9,T
54,G0018191.JPG,C:\Users\RobindeVriesTheOcean\Dropbox (The Ocean Cleanup)\Ocean Research\Robin\GoPro NN\data\NPM3\Originals_Portside\G0018191.JPG,32.3744984,-143.6412224,2019-12-02 23:09:31,173568.6607209748,68.61279353209017,1.0005401387193622,251547.02796855866,3585089.82751066,11.407848883738748,7.286722033675742,1.9140857922797863,85.97939072217359,0.16723633,0.0,7,S
55,G0018191.JPG,C:\Users\RobindeVriesTheOcean\Dropbox (The Ocean Cleanup)\Ocean Research\Robin\GoPro NN\data\NPM3\Originals_Portside\G0018191.JPG,32.3744984,-143.6412224,2019-12-02 23:09:31,173568.6607209748,68.61279353209017,1.0005401387193622,251521.4668651344,3585054.4460576675,3.006966173319822,2.900183778985287,1.2954988208857716,42.7784939715724,0.5083008,0.0,7,S
56,G0019385.JPG,C:\Users\RobindeVriesTheOcean\Dropbox (The Ocean Cleanup)\Ocean Research\Robin\GoPro NN\data\NPM3\Originals_Portside\G0019385.JPG,35.88986959997222,-137.93493069997223,2019-12-04 18:34:02,131630.79846703846,69.35675275331943,-2.001079618830066,235094.96832203076,3975754.3652537866,0.4943318958224615,1.1590106138184217,0.48521436380848654,44.56765837782141,0.2824707,0.0,8,S
57,G0019453.JPG,C:\Users\RobindeVriesTheOcean\Dropbox (The Ocean Cleanup)\Ocean Research\Robin\GoPro NN\data\NPM3\Originals_Portside\G0019453.JPG,35.90548119997222,-137.92393909999998,2019-12-04 18:39:51,170287.92041448463,69.78549517108883,-1.000540138719369,236123.4580032435,3977450.137783154,2.9791370600626075,2.64545303355522,1.1628123139505975,34.48478763126265,0.7919922,0.0,8,S
58,G0019471.JPG,C:\Users\RobindeVriesTheOcean\Dropbox (The Ocean Cleanup)\Ocean Research\Robin\GoPro NN\data\NPM3\Originals_Portside\G0019471.JPG,32.673990199972216,-143.4974014999722,2019-12-03 00:59:22,283295.85608163854,68.46627666286174,-3.5102500326544e-15,265825.6379644045,3617926.9284107396,0.39472853870525443,0.8473106299419544,0.560370519083169,25.393862819913004,0.5756836,0.0,7,S
59,G0019508.JPG,C:\Users\RobindeVriesTheOcean\Dropbox (The Ocean Cleanup)\Ocean Research\Robin\GoPro NN\data\NPM3\Originals_Portside\G0019508.JPG,27.1167619,-144.98372529999997,2019-11-29 18:14:32,168246.95605901195,70.45113532332941,-1.000540138719369,699854.2066823267,3000996.3500326956,0.9168314119624003,1.4648069663772363,0.7356097203030224,26.486006088044473,0.10797119,0.0,6,R
60,G0019508.JPG,C:\Users\RobindeVriesTheOcean\Dropbox (The Ocean Cleanup)\Ocean Research\Robin\GoPro NN\data\NPM3\Originals_Portside\G0019508.JPG,27.1167619,-144.98372529999997,2019-11-29 18:14:32,168246.95605901195,70.45113532332941,-1.000540138719369,699859.3595487907,3000999.0527521484,0.12554624256450828,0.43551876716606214,0.3131524964064051,28.069835333116103,0.11920166,0.0,6,R
61,G0019508.JPG,C:\Users\RobindeVriesTheOcean\Dropbox (The Ocean Cleanup)\Ocean Research\Robin\GoPro NN\data\NPM3\Originals_Portside\G0019508.JPG,27.1167619,-144.98372529999997,2019-11-29 18:14:32,168246.95605901195,70.45113532332941,-1.000540138719369,699835.5199665087,3001013.901613233,1.2550602363140968,2.660258240621777,0.5463054313709664,50.470716318636406,0.17907715,0.0,6,R
62,G0019664.JPG,C:\Users\RobindeVriesTheOcean\Dropbox (The Ocean Cleanup)\Ocean Research\Robin\GoPro NN\data\NPM3\Originals_Portside\G0019664.JPG,39.76093879997222,-134.57472379997222,2019-12-05 19:30:04,261527.8520914453,73.00947757575649,-3.5102500326544e-15,536409.5090424382,4401341.14755489,25.51989915026043,9.769414573692542,3.419007208178374,35.442829648020776,0.24816895,0.0,8,S
63,G0019664.JPG,C:\Users\RobindeVriesTheOcean\Dropbox (The Ocean Cleanup)\Ocean Research\Robin\GoPro NN\data\NPM3\Originals_Portside\G0019664.JPG,39.76093879997222,-134.57472379997222,2019-12-05 19:30:04,261527.8520914453,73.00947757575649,-3.5102500326544e-15,536407.1334829347,4401373.566417484,3.18167536223321,2.927112601318324,1.2668773927761725,66.0953224391124,0.42504883,0.0,8,S
64,G0019677.JPG,C:\Users\RobindeVriesTheOcean\Dropbox (The Ocean Cleanup)\Ocean Research\Robin\GoPro NN\data\NPM3\Originals_Portside\G0019677.JPG,32.721853,-143.4752602,2019-12-03 01:17:00,108922.04766902763,69.80499382504858,3.0016177825284314,267991.65151925443,3623204.9585503596,2.4295946937071813,5.297011230717735,0.49579866220897806,50.65712895854807,0.11328125,0.0,7,S
65,G0019677.JPG,C:\Users\RobindeVriesTheOcean\Dropbox (The Ocean Cleanup)\Ocean Research\Robin\GoPro NN\data\NPM3\Originals_Portside\G0019677.JPG,32.721853,-143.4752602,2019-12-03 01:17:00,108922.04766902763,69.80499382504858,3.0016177825284314,268034.4601924728,3623222.7114074463,3.563657943859676,4.47571732343919,0.8897229034658886,62.78711144225499,0.41235352,0.0,7,S
66,G0019677.JPG,C:\Users\RobindeVriesTheOcean\Dropbox (The Ocean Cleanup)\Ocean Research\Robin\GoPro NN\data\NPM3\Originals_Portside\G0019677.JPG,32.721853,-143.4752602,2019-12-03 01:17:00,108922.04766902763,69.80499382504858,3.0016177825284314,268037.77048687567,3623194.0985215064,0.22696189970445776,0.8630972716826557,0.34855548523448066,37.455117654836364,0.6279297,0.0,7,S
67,G0019928.JPG,C:\Users\RobindeVriesTheOcean\Dropbox (The Ocean Cleanup)\Ocean Research\Robin\GoPro NN\data\NPM3\Originals_Portside\G0019928.JPG,30.9565497,-139.4019038,2019-11-26 21:15:46,277747.0418390761,69.48641419600784,-3.5102500326544e-15,652609.8720646134,3425950.752588163,3.2047717291001896,4.856353887431079,0.722306936931023,76.31609433699971,0.4506836,0.0,7,R
68,G0020089.JPG,C:\Users\RobindeVriesTheOcean\Dropbox (The Ocean Cleanup)\Ocean Research\Robin\GoPro NN\data\NPM3\Originals_Portside\G0020089.JPG,27.88579179997222,-141.90067999997223,2019-11-27 17:33:02,275471.3116444214,69.92785508432992,-3.5102500326544e-15,411367.6440022553,3084920.449319437,12.988133755606622,5.7748977872051865,2.879279313398779,47.87628063983138,0.1184082,0.0,7,R
69,G0020090.JPG,C:\Users\RobindeVriesTheOcean\Dropbox (The Ocean Cleanup)\Ocean Research\Robin\GoPro NN\data\NPM3\Originals_Portside\G0020090.JPG,27.88571089997222,-141.90074599997223,2019-11-27 17:33:04,170910.23188478904,69.41474387007075,1.0005401387193622,411343.73438804323,3084887.4977482413,0.15186120500189257,0.445782885319726,0.3765642035236433,19.63039246076572,0.105651855,0.0,7,R
70,G0020090.JPG,C:\Users\RobindeVriesTheOcean\Dropbox (The Ocean Cleanup)\Ocean Research\Robin\GoPro NN\data\NPM3\Originals_Portside\G0020090.JPG,27.88571089997222,-141.90074599997223,2019-11-27 17:33:04,170910.23188478904,69.41474387007075,1.0005401387193622,411335.4718295183,3084900.902777544,0.2840231443988486,0.7770913998375238,0.38993308896671747,33.32024153074903,0.1463623,0.0,7,R
71,G0020090.JPG,C:\Users\RobindeVriesTheOcean\Dropbox (The Ocean Cleanup)\Ocean Research\Robin\GoPro NN\data\NPM3\Originals_Portside\G0020090.JPG,27.88571089997222,-141.90074599997223,2019-11-27 17:33:04,170910.23188478904,69.41474387007075,1.0005401387193622,411350.5879372663,3084909.5863667736,8.062671037889482,4.6345847673308755,1.999303206771243,42.615967532898125,0.30810547,0.0,7,R
72,G0020092.JPG,C:\Users\RobindeVriesTheOcean\Dropbox (The Ocean Cleanup)\Ocean Research\Robin\GoPro NN\data\NPM3\Originals_Portside\G0020092.JPG,27.8855514,-141.90087689997222,2019-11-27 17:33:08,278907.8373786788,69.2666408011897,-3.5102500326544e-15,411316.39627764444,3084884.7120864647,5.039880492236664,3.5188904124022855,1.6989431052346284,36.1579995791316,0.26513672,0.0,7,R
73,G0020256.JPG,C:\Users\RobindeVriesTheOcean\Dropbox (The Ocean Cleanup)\Ocean Research\Robin\GoPro NN\data\NPM3\Originals_Portside\G0020256.JPG,27.1496563,-144.9821946,2019-11-29 19:18:34,169974.81193019706,69.70848447905206,1.0005401387193622,699962.2242379646,3004643.459584726,0.6091844689316273,1.1748354307647788,0.592409115160892,26.00282885235607,0.64453125,0.0,6,R
74,G0020466.JPG,C:\Users\RobindeVriesTheOcean\Dropbox (The Ocean Cleanup)\Ocean Research\Robin\GoPro NN\data\NPM3\Originals_Portside\G0020466.JPG,27.1947909,-144.98337559997222,2019-11-29 19:36:34,127763.67468445505,70.67914562904953,2.001079618830059,699764.2133039645,3009648.0980316717,0.09538250807330291,0.4453280795097581,0.2436562268262649,31.24673598763834,0.14221191,0.0,6,R
75,G0020466.JPG,C:\Users\RobindeVriesTheOcean\Dropbox (The Ocean Cleanup)\Ocean Research\Robin\GoPro NN\data\NPM3\Originals_Portside\G0020466.JPG,27.1947909,-144.98337559997222,2019-11-29 19:36:34,127763.67468445505,70.67914562904953,2.001079618830059,699780.9518888597,3009661.380378172,2.4976376330071215,3.1299429606589766,0.9815226794197363,49.52618270366627,0.21862793,0.0,6,R
76,G0020466.JPG,C:\Users\RobindeVriesTheOcean\Dropbox (The Ocean Cleanup)\Ocean Research\Robin\GoPro NN\data\NPM3\Originals_Portside\G0020466.JPG,27.1947909,-144.98337559997222,2019-11-29 19:36:34,127763.67468445505,70.67914562904953,2.001079618830059,699750.6081653389,3009641.743062963,0.15559671031295116,0.5005085868838757,0.365914068267916,25.396290006887828,0.45507812,0.0,6,R
77,G0020466.JPG,C:\Users\RobindeVriesTheOcean\Dropbox (The Ocean Cleanup)\Ocean Research\Robin\GoPro NN\data\NPM3\Originals_Portside\G0020466.JPG,27.1947909,-144.98337559997222,2019-11-29 19:36:34,127763.67468445505,70.67914562904953,2.001079618830059,699738.8137783129,3009657.6637594183,1.1143211327161764,1.717279438008222,0.7682536009085258,44.56843863805394,0.6225586,0.0,6,R
78,G0021075.JPG,C:\Users\RobindeVriesTheOcean\Dropbox (The Ocean Cleanup)\Ocean Research\Robin\GoPro NN\data\NPM3\Originals_Portside\G0021075.JPG,36.27346949997222,-137.62652239997223,2019-12-04 20:58:39,129913.26697928878,70.09264469439616,-2.001079618830066,264077.49029044673,4017505.7904390884,0.2769804789152126,0.6873291303823619,0.4381260391930604,24.667359755422236,0.81152344,0.0,8,S
79,G0021087.JPG,C:\Users\RobindeVriesTheOcean\Dropbox (The Ocean Cleanup)\Ocean Research\Robin\GoPro NN\data\NPM3\Originals_Portside\G0021087.JPG,36.2762788,-137.62426999997223,2019-12-04 20:59:41,275471.3116444214,69.92785508432992,-3.5102500326544e-15,264283.1228348329,4017815.337284741,0.9357772806732639,1.369787742467351,0.6980659637049372,27.546538092811424,0.44555664,0.0,8,S
80,G0021295.JPG,C:\Users\RobindeVriesTheOcean\Dropbox (The Ocean Cleanup)\Ocean Research\Robin\GoPro NN\data\NPM3\Originals_Portside\G0021295.JPG,27.39876999997222,-144.99016169997222,2019-11-29 20:47:34,276601.55021774094,69.70682022891623,-3.5102500326544e-15,698742.1907586803,3032244.6325188545,4.1274474640510155,3.8625840898838115,1.3050999951077842,41.596047427020046,0.10632324,0.0,6,R
81,G0021295.JPG,C:\Users\RobindeVriesTheOcean\Dropbox (The Ocean Cleanup)\Ocean Research\Robin\GoPro NN\data\NPM3\Originals_Portside\G0021295.JPG,27.39876999997222,-144.99016169997222,2019-11-29 20:47:34,276601.55021774094,69.70682022891623,-3.5102500326544e-15,698704.8073462859,3032265.75246214,1.682714315786421,2.3590711740620467,0.7946253369189892,59.96406249978509,0.15466309,0.0,6,R
82,G0021295.JPG,C:\Users\RobindeVriesTheOcean\Dropbox (The Ocean Cleanup)\Ocean Research\Robin\GoPro NN\data\NPM3\Originals_Portside\G0021295.JPG,27.39876999997222,-144.99016169997222,2019-11-29 20:47:34,276601.55021774094,69.70682022891623,-3.5102500326544e-15,698708.9752094019,3032237.6204915303,0.1443191628066836,0.7055777626902576,0.23388321880155488,32.07156994564164,0.20507812,0.0,6,R
83,G0021295.JPG,C:\Users\RobindeVriesTheOcean\Dropbox (The Ocean Cleanup)\Ocean Research\Robin\GoPro NN\data\NPM3\Originals_Portside\G0021295.JPG,27.39876999997222,-144.99016169997222,2019-11-29 20:47:34,276601.55021774094,69.70682022891623,-3.5102500326544e-15,698701.8957209833,3032241.1957191685,0.28355073776460393,0.9740021207765349,0.3607275090153655,38.53501372980633,0.3239746,0.0,6,R
84,G0021295.JPG,C:\Users\RobindeVriesTheOcean\Dropbox (The Ocean Cleanup)\Ocean Research\Robin\GoPro NN\data\NPM3\Originals_Portside\G0021295.JPG,27.39876999997222,-144.99016169997222,2019-11-29 20:47:34,276601.55021774094,69.70682022891623,-3.5102500326544e-15,698742.2058305438,3032244.6646221993,1.7677552819336064,2.347571498752019,0.943399565382435,41.6314279168292,0.6743164,0.0,6,R
85,G0021960.JPG,C:\Users\RobindeVriesTheOcean\Dropbox (The Ocean Cleanup)\Ocean Research\Robin\GoPro NN\data\NPM3\Originals_Portside\G0021960.JPG,36.478359799972225,-137.45711969997222,2019-12-04 22:14:39,168469.60510958915,70.3768998000548,-1.000540138719369,279882.98610785825,4039838.826821373,0.9050607413260154,1.4602303589620087,0.7845349582659031,26.877210213981627,0.7651367,0.0,8,S
86,G0023189.JPG,C:\Users\RobindeVriesTheOcean\Dropbox (The Ocean Cleanup)\Ocean Research\Robin\GoPro NN\data\NPM3\Originals_Portside\G0023189.JPG,36.76279569997222,-137.2306317,2019-12-04 23:59:56,131983.66740119347,69.21041633394935,-2.001079618830066,300901.67968109314,4070935.253019135,1.9458372422365093,2.3997634169891016,0.8365744325116959,56.0248882611843,0.12402344,0.0,8,S
87,G0023189.JPG,C:\Users\RobindeVriesTheOcean\Dropbox (The Ocean Cleanup)\Ocean Research\Robin\GoPro NN\data\NPM3\Originals_Portside\G0023189.JPG,36.76279569997222,-137.2306317,2019-12-04 23:59:56,131983.66740119347,69.21041633394935,-2.001079618830066,300910.3994924337,4071038.79912558,67.60164139535189,20.450605997754433,3.632401888966192,159.93199762530222,0.20336914,0.0,8,S
88,G0023421.JPG,C:\Users\RobindeVriesTheOcean\Dropbox (The Ocean Cleanup)\Ocean Research\Robin\GoPro NN\data\NPM3\Originals_Portside\G0023421.JPG,34.8986876,-136.1317042,2019-11-25 18:45:16,177966.51005898113,67.53656851792461,-1.000540138719369,396599.7782026998,3862419.929292606,0.652092998844862,1.0199186650403447,0.6643101466927493,27.660628240508508,0.7192383,0.0,8,S
89,G0023422.JPG,C:\Users\RobindeVriesTheOcean\Dropbox (The Ocean Cleanup)\Ocean Research\Robin\GoPro NN\data\NPM3\Originals_Portside\G0023422.JPG,34.89859969997222,-136.1317956,2019-11-25 18:45:19,132339.67168365678,69.06436315844576,-2.001079618830066,396580.0366462081,3862413.727671634,0.9785061685799334,1.6137148421250054,0.7406044278314032,33.390083087326445,0.81933594,0.0,8,S
90,G0023812.JPG,C:\Users\RobindeVriesTheOcean\Dropbox (The Ocean Cleanup)\Ocean Research\Robin\GoPro NN\data\NPM3\Originals_Portside\G0023812.JPG,30.6289464,-139.6703578999722,2019-11-26 23:25:12,172102.91563423036,69.0491537702831,1.0005401387193622,627431.199672071,3389253.6385558867,0.050597979872162774,0.30426712559976826,0.17210657180618388,19.214300862792133,0.11633301,0.0,7,R
91,G0023812.JPG,C:\Users\RobindeVriesTheOcean\Dropbox (The Ocean Cleanup)\Ocean Research\Robin\GoPro NN\data\NPM3\Originals_Portside\G0023812.JPG,30.6289464,-139.6703578999722,2019-11-26 23:25:12,172102.91563423036,69.0491537702831,1.0005401387193622,627419.6708353746,3389269.9139040634,0.9391744642348963,1.5339265797227428,0.6845658010471217,36.95074194161465,0.44384766,0.0,7,R
92,G0023960.JPG,C:\Users\RobindeVriesTheOcean\Dropbox (The Ocean Cleanup)\Ocean Research\Robin\GoPro NN\data\NPM3\Originals_Portside\G0023960.JPG,36.943649199999996,-137.0879695,2019-12-05 01:06:14,172896.65214535265,68.97961325074982,-1.000540138719369,314080.9564484138,4090683.4562322316,0.8373966380294653,1.3888041147636185,0.6974618514727801,27.03141735747785,0.7680664,0.0,8,S
93,G0024128.JPG,C:\Users\RobindeVriesTheOcean\Dropbox (The Ocean Cleanup)\Ocean Research\Robin\GoPro NN\data\NPM3\Originals_Portside\G0024128.JPG,36.982165399972224,-137.0551009,2019-12-05 01:20:38,170287.92041448367,69.78549517108883,-1.000540138719369,317094.2722836868,4094891.7366119493,0.5943863413999794,1.0362950649548803,0.6045268149384915,24.15770520455515,0.68408203,0.0,8,S
94,G0025831.JPG,C:\Users\RobindeVriesTheOcean\Dropbox (The Ocean Cleanup)\Ocean Research\Robin\GoPro NN\data\NPM3\Originals_Portside\G0025831.JPG,30.458084499972223,-139.81056119997223,2019-11-27 00:32:30,276981.68347283296,69.63328149170295,-3.5102500326544e-15,614226.7119921495,3370324.572546577,14.756259019025325,9.92999624406233,1.5696469393096124,180.43527258911385,0.16833496,0.0,7,R
95,G0025831.JPG,C:\Users\RobindeVriesTheOcean\Dropbox (The Ocean Cleanup)\Ocean Research\Robin\GoPro NN\data\NPM3\Originals_Portside\G0025831.JPG,30.458084499972223,-139.81056119997223,2019-11-27 00:32:30,276981.68347283296,69.63328149170295,-3.5102500326544e-15,614181.2951781343,3370208.909042089,1.3275886955797955,1.9581801214882604,0.7285376061020284,62.36479572225177,0.37646484,0.0,7,R
96,G0025831.JPG,C:\Users\RobindeVriesTheOcean\Dropbox (The Ocean Cleanup)\Ocean Research\Robin\GoPro NN\data\NPM3\Originals_Portside\G0025831.JPG,30.458084499972223,-139.81056119997223,2019-11-27 00:32:30,276981.68347283296,69.63328149170295,-3.5102500326544e-15,614166.8086215272,3370187.3630336663,0.46329437901475845,1.3943108038333443,0.39615720302038315,47.220734879398336,0.51464844,0.0,7,R
97,G0025835.JPG,C:\Users\RobindeVriesTheOcean\Dropbox (The Ocean Cleanup)\Ocean Research\Robin\GoPro NN\data\NPM3\Originals_Portside\G0025835.JPG,30.4577369,-139.81085129997223,2019-11-27 00:32:38,174065.65278234027,68.4679138025561,1.0005401387193622,614154.9205294084,3370128.96284372,0.44255052306363984,1.0535472353167952,0.5066079691568951,22.50574187576511,0.18444824,0.0,7,R
98,G0025835.JPG,C:\Users\RobindeVriesTheOcean\Dropbox (The Ocean Cleanup)\Ocean Research\Robin\GoPro NN\data\NPM3\Originals_Portside\G0025835.JPG,30.4577369,-139.81085129997223,2019-11-27 00:32:38,174065.65278234027,68.4679138025561,1.0005401387193622,614154.857579043,3370267.483811018,13.79335443659166,10.011533219564487,1.4357912336177234,159.11474167304038,0.39013672,0.0,7,R
99,G0025839.JPG,C:\Users\RobindeVriesTheOcean\Dropbox (The Ocean Cleanup)\Ocean Research\Robin\GoPro NN\data\NPM3\Originals_Portside\G0025839.JPG,30.457389799999998,-139.81113479997222,2019-11-27 00:32:46,170910.23188478014,69.41474387007075,1.0005401387193622,614087.0335246096,3370232.8848252576,17.270974388556624,10.727513704118508,1.69258337950465,170.70437101137117,0.41015625,0.0,7,R
100,G0025846.JPG,C:\Users\RobindeVriesTheOcean\Dropbox (The Ocean Cleanup)\Ocean Research\Robin\GoPro NN\data\NPM3\Originals_Portside\G0025846.JPG,33.921719599999996,-140.4497693,2019-12-04 00:17:21,130089.65768137928,69.64316944917208,2.001079618830059,550885.3885559579,3753671.3696655463,1.3833103023195594,2.30384083737433,0.725854539906942,64.09857741048887,0.5878906,0.0,7,S
101,G0027728.JPG,C:\Users\RobindeVriesTheOcean\Dropbox (The Ocean Cleanup)\Ocean Research\Robin\GoPro NN\data\NPM3\Originals_Portside\G0027728.JPG,24.58767209997222,-144.5932749,2019-11-28 16:03:32,171622.71287633022,69.19517742838885,1.0005401387193622,743712.9622160442,2721449.583325287,0.37928958729309603,0.68341179454209,0.5608136399742739,26.43537390667258,0.13049316,0.0,6,R
102,G0028042.JPG,C:\Users\RobindeVriesTheOcean\Dropbox (The Ocean Cleanup)\Ocean Research\Robin\GoPro NN\data\NPM3\Originals_Portside\G0028042.JPG,24.5643482,-144.6169596,2019-11-28 16:14:00,172896.65214535437,68.97961325074982,-1.000540138719369,741371.8352350089,2718818.618451462,1.1666048918786667,1.624868678532885,0.9888079091375975,24.888259191968327,0.13012695,0.0,6,R
103,G0028042.JPG,C:\Users\RobindeVriesTheOcean\Dropbox (The Ocean Cleanup)\Ocean Research\Robin\GoPro NN\data\NPM3\Originals_Portside\G0028042.JPG,24.5643482,-144.6169596,2019-11-28 16:14:00,172896.65214535437,68.97961325074982,-1.000540138719369,741374.58800402,2718828.6111384984,1.1013398281345228,1.6830933595174664,0.810841587360183,34.956791229229374,0.69970703,0.0,6,R
104,G0028043.JPG,C:\Users\RobindeVriesTheOcean\Dropbox (The Ocean Cleanup)\Ocean Research\Robin\GoPro NN\data\NPM3\Originals_Portside\G0028043.JPG,24.5642798,-144.6170361,2019-11-28 16:14:02,170287.92041448367,69.78549517108883,-1.000540138719369,741355.8922128538,2718817.6786413966,0.7298206553803648,1.2108871816934659,0.6495806598611062,28.34392448319502,0.87402344,0.0,6,R
105,G0028044.JPG,C:\Users\RobindeVriesTheOcean\Dropbox (The Ocean Cleanup)\Ocean Research\Robin\GoPro NN\data\NPM3\Originals_Portside\G0028044.JPG,24.564200899972224,-144.6171222,2019-11-28 16:14:04,168828.82561255217,70.07723112282007,1.0005401387193622,741353.3804352621,2718804.6683013514,0.9686696189202206,1.7170352011662542,0.6729123943633202,26.16678411341637,0.54785156,0.0,6,R
106,G0028044.JPG,C:\Users\RobindeVriesTheOcean\Dropbox (The Ocean Cleanup)\Ocean Research\Robin\GoPro NN\data\NPM3\Originals_Portside\G0028044.JPG,24.564200899972224,-144.6171222,2019-11-28 16:14:04,168828.82561255217,70.07723112282007,1.0005401387193622,741336.7076949903,2718805.2368691475,0.5322423376606704,1.0692791266638417,0.5514466397947501,25.081251609292934,0.82470703,0.0,6,R
107,G0028045.JPG,C:\Users\RobindeVriesTheOcean\Dropbox (The Ocean Cleanup)\Ocean Research\Robin\GoPro NN\data\NPM3\Originals_Portside\G0028045.JPG,24.5641274,-144.617195,2019-11-28 16:14:06,170674.81976337772,69.48807372666494,1.0005401387193622,741319.6982365368,2718795.04967419,0.5224280975117461,1.4731585118281887,0.42150760272152404,27.368785692723723,0.39208984,0.0,6,R
108,G0028372.JPG,C:\Users\RobindeVriesTheOcean\Dropbox (The Ocean Cleanup)\Ocean Research\Robin\GoPro NN\data\NPM3\Originals_Portside\G0028372.JPG,34.283228499972225,-136.66088909997222,2019-11-25 22:49:17,172172.641599382,69.1985519843941,-1.000540138719369,347112.298369171,3794850.973364095,4.474364459007293,3.6102542148887227,1.4212666167736736,43.59921464607979,0.24194336,0.0,8,S
109,G0028464.JPG,C:\Users\RobindeVriesTheOcean\Dropbox (The Ocean Cleanup)\Ocean Research\Robin\GoPro NN\data\NPM3\Originals_Portside\G0028464.JPG,41.8574744,-130.34037929997223,2019-11-23 21:13:14,162040.41137850628,72.70925400009786,-1.000540138719369,388756.0669555161,4634847.158805434,0.26121033549020456,0.8364306664341296,0.3689428314521229,29.14025579149459,0.15649414,0.0,9,T
110,G0028464.JPG,C:\Users\RobindeVriesTheOcean\Dropbox (The Ocean Cleanup)\Ocean Research\Robin\GoPro NN\data\NPM3\Originals_Portside\G0028464.JPG,41.8574744,-130.34037929997223,2019-11-23 21:13:14,162040.41137850628,72.70925400009786,-1.000540138719369,388766.7664699658,4634877.572835164,2.2976359790551046,2.9415101338414287,0.8718238576898797,61.34315441551483,0.20812988,0.0,9,T
111,G0028464.JPG,C:\Users\RobindeVriesTheOcean\Dropbox (The Ocean Cleanup)\Ocean Research\Robin\GoPro NN\data\NPM3\Originals_Portside\G0028464.JPG,41.8574744,-130.34037929997223,2019-11-23 21:13:14,162040.41137850628,72.70925400009786,-1.000540138719369,388741.62057986966,4634858.842709841,1.0880697308935177,1.5930740591952943,0.7242592208554226,38.52689623042919,0.28710938,0.0,9,T
112,G0028934.JPG,C:\Users\RobindeVriesTheOcean\Dropbox (The Ocean Cleanup)\Ocean Research\Robin\GoPro NN\data\NPM3\Originals_Portside\G0028934.JPG,41.81613209997222,-130.372598,2019-11-23 21:28:54,160907.5478764407,73.16785713404573,-1.000540138719369,386002.6052842013,4630306.269450516,0.18753346893387546,0.652334159156811,0.3062656907422074,34.289007368917154,0.11987305,0.0,9,T
113,G0028934.JPG,C:\Users\RobindeVriesTheOcean\Dropbox (The Ocean Cleanup)\Ocean Research\Robin\GoPro NN\data\NPM3\Originals_Portside\G0028934.JPG,41.81613209997222,-130.372598,2019-11-23 21:28:54,160907.5478764407,73.16785713404573,-1.000540138719369,386009.7435898197,4630299.925004193,0.2282868982457623,0.8058852039094223,0.33699445143492923,30.345206909484602,0.23608398,0.0,9,T
114,G0028935.JPG,C:\Users\RobindeVriesTheOcean\Dropbox (The Ocean Cleanup)\Ocean Research\Robin\GoPro NN\data\NPM3\Originals_Portside\G0028935.JPG,41.81604449997222,-130.37267639997222,2019-11-23 21:28:56,121593.84736366078,73.2569551678295,-2.001079618830066,386012.3277888886,4630297.952972079,1.6690745663451354,4.040561486355519,0.45200719147135093,41.523960770175634,0.15844727,0.0,9,T
115,G0028935.JPG,C:\Users\RobindeVriesTheOcean\Dropbox (The Ocean Cleanup)\Ocean Research\Robin\GoPro NN\data\NPM3\Originals_Portside\G0028935.JPG,41.81604449997222,-130.37267639997222,2019-11-23 21:28:56,121593.84736366078,73.2569551678295,-2.001079618830066,385984.9040202858,4630295.850155176,0.22371835508361976,0.7575922802611849,0.32364627504114934,33.41215787246521,0.17919922,0.0,9,T
116,G0028936.JPG,C:\Users\RobindeVriesTheOcean\Dropbox (The Ocean Cleanup)\Ocean Research\Robin\GoPro NN\data\NPM3\Originals_Portside\G0028936.JPG,41.815959499972216,-130.3727455,2019-11-23 21:28:58,159452.46712256077,73.78279210542956,-1.000540138719369,385969.26136811223,4630280.051505782,0.09697975751394036,0.5650971990568244,0.21187438022551588,30.486966291808354,0.13513184,0.0,9,T
117,G0028936.JPG,C:\Users\RobindeVriesTheOcean\Dropbox (The Ocean Cleanup)\Ocean Research\Robin\GoPro NN\data\NPM3\Originals_Portside\G0028936.JPG,41.815959499972216,-130.3727455,2019-11-23 21:28:58,159452.46712256077,73.78279210542956,-1.000540138719369,385992.352256457,4630279.677833533,0.11109413144658835,0.5365839866239465,0.231937803783647,27.396454358429313,0.13952637,0.0,9,T
118,G0028936.JPG,C:\Users\RobindeVriesTheOcean\Dropbox (The Ocean Cleanup)\Ocean Research\Robin\GoPro NN\data\NPM3\Originals_Portside\G0028936.JPG,41.815959499972216,-130.3727455,2019-11-23 21:28:58,159452.46712256077,73.78279210542956,-1.000540138719369,385994.83770658023,4630288.540064187,0.331384330637609,0.95423403033402,0.38621025306207424,36.598168871079984,0.16455078,0.0,9,T
119,G0028936.JPG,C:\Users\RobindeVriesTheOcean\Dropbox (The Ocean Cleanup)\Ocean Research\Robin\GoPro NN\data\NPM3\Originals_Portside\G0028936.JPG,41.815959499972216,-130.3727455,2019-11-23 21:28:58,159452.46712256077,73.78279210542956,-1.000540138719369,386000.1232626021,4630283.451788827,0.9205796400714199,1.7695832557107924,0.6201088454869141,33.891114291475354,0.17370605,0.0,9,T
120,G0028936.JPG,C:\Users\RobindeVriesTheOcean\Dropbox (The Ocean Cleanup)\Ocean Research\Robin\GoPro NN\data\NPM3\Originals_Portside\G0028936.JPG,41.815959499972216,-130.3727455,2019-11-23 21:28:58,159452.46712256077,73.78279210542956,-1.000540138719369,386001.8674740002,4630284.5648761345,0.5770937776191032,1.3621937043169485,0.5173287388525009,35.70592890137661,0.17626953,0.0,9,T
121,G0028936.JPG,C:\Users\RobindeVriesTheOcean\Dropbox (The Ocean Cleanup)\Ocean Research\Robin\GoPro NN\data\NPM3\Originals_Portside\G0028936.JPG,41.815959499972216,-130.3727455,2019-11-23 21:28:58,159452.46712256077,73.78279210542956,-1.000540138719369,386001.9852662012,4630288.324712806,0.788182104327805,1.477675617979483,0.6567279863004949,39.07387987425202,0.29467773,0.0,9,T
122,G0029384.JPG,C:\Users\RobindeVriesTheOcean\Dropbox (The Ocean Cleanup)\Ocean Research\Robin\GoPro NN\data\NPM3\Originals_Portside\G0029384.JPG,34.064259099999994,-136.83748919997223,2019-11-26 00:16:02,176143.67289606977,68.03833104177542,-1.000540138719369,330406.6534264871,3770861.6738326615,1.4151188422327692,2.447688719211343,0.6566981804786767,61.53059586397146,0.51464844,0.0,8,S
123,G0029492.JPG,C:\Users\RobindeVriesTheOcean\Dropbox (The Ocean Cleanup)\Ocean Research\Robin\GoPro NN\data\NPM3\Originals_Portside\G0029492.JPG,41.76764399997222,-130.4087585,2019-11-23 21:47:30,158230.8597421596,74.32403288075963,-1.000540138719369,382927.18896473123,4624975.134284215,0.6223317291622079,1.4633471821264032,0.5156658124016217,43.59610449717553,0.14074707,0.0,9,T
124,G0029492.JPG,C:\Users\RobindeVriesTheOcean\Dropbox (The Ocean Cleanup)\Ocean Research\Robin\GoPro NN\data\NPM3\Originals_Portside\G0029492.JPG,41.76764399997222,-130.4087585,2019-11-23 21:47:30,158230.8597421596,74.32403288075963,-1.000540138719369,382919.04357173725,4624962.450187376,0.2521210861639091,0.914139098213963,0.33120617156695725,28.540991746981533,0.20080566,0.0,9,T
125,G0029492.JPG,C:\Users\RobindeVriesTheOcean\Dropbox (The Ocean Cleanup)\Ocean Research\Robin\GoPro NN\data\NPM3\Originals_Portside\G0029492.JPG,41.76764399997222,-130.4087585,2019-11-23 21:47:30,158230.8597421596,74.32403288075963,-1.000540138719369,382895.98886184,4625009.86315888,1.5551781380115468,2.4425297742966645,0.6806252321944357,72.91997256703833,0.41601562,0.0,9,T
126,G0029494.JPG,C:\Users\RobindeVriesTheOcean\Dropbox (The Ocean Cleanup)\Ocean Research\Robin\GoPro NN\data\NPM3\Originals_Portside\G0029494.JPG,41.76745059997222,-130.40884869997222,2019-11-23 21:47:34,165654.99758706475,71.34724891561363,-1.000540138719369,382863.123208767,4624983.282451569,1.3447961734597915,2.393113222869671,0.6687751156854251,75.31217829017761,0.43945312,0.0,9,T
127,G0029494.JPG,C:\Users\RobindeVriesTheOcean\Dropbox (The Ocean Cleanup)\Ocean Research\Robin\GoPro NN\data\NPM3\Originals_Portside\G0029494.JPG,41.76745059997222,-130.40884869997222,2019-11-23 21:47:34,165654.99758706475,71.34724891561363,-1.000540138719369,382914.29750267544,4624946.243874838,2.9338916690931445,3.0137167722060667,1.212426816422411,34.545383354933364,0.4897461,0.0,9,T
128,G0029494.JPG,C:\Users\RobindeVriesTheOcean\Dropbox (The Ocean Cleanup)\Ocean Research\Robin\GoPro NN\data\NPM3\Originals_Portside\G0029494.JPG,41.76745059997222,-130.40884869997222,2019-11-23 21:47:34,165654.99758706475,71.34724891561363,-1.000540138719369,382919.299390192,4624955.301337028,1.3676877229482394,2.332202335998279,0.6852780104945452,44.8918020880637,0.52441406,0.0,9,T
129,G0032014.JPG,C:\Users\RobindeVriesTheOcean\Dropbox (The Ocean Cleanup)\Ocean Research\Robin\GoPro NN\data\NPM3\Originals_Portside\G0032014.JPG,41.54897679997222,-130.58007989997222,2019-11-23 23:11:32,158574.99767876035,74.16909504189188,-1.000540138719369,368199.3139395672,4600988.591605708,2.2415275314377463,2.89403194066278,0.8659729220836433,84.07805330296262,0.23327637,0.0,9,T
130,G0033707.JPG,C:\Users\RobindeVriesTheOcean\Dropbox (The Ocean Cleanup)\Ocean Research\Robin\GoPro NN\data\NPM3\Originals_Portside\G0033707.JPG,27.47895989997222,-142.2540649,2019-11-27 20:21:30,271456.792744686,70.74363187705835,-3.5102500326544e-15,376126.17321274587,3040171.3568190336,2.492570754678285,2.937884350253248,0.9740785903247515,63.57498128983687,0.28686523,0.0,7,R
